rank,study_area_name,acres_per_1000,median_household_income,no_high_school_diploma_pct,park_acres,need_description,walkable_percentage,source_context
1,Unincorporated El Monte/ Unincorporated Monrovia,0.246722,77731.0,16.0,1065.18406005,Low,55.84101877,L.A. County Park Needs Assessment Demographics; sorted by Acres/1000 ascending; dropped the 10 smallest and 10 largest valid positive non-aggregate study areas
2,City of LA Hollywood - South,0.267015,49524.0,19.0,3234.74320533,Very High,70.38717456,L.A. County Park Needs Assessment Demographics; sorted by Acres/1000 ascending; dropped the 10 smallest and 10 largest valid positive non-aggregate study areas
3,City of Baldwin Park,0.275162,61507.0,32.0,4338.31411063,Very High,21.61898257,L.A. County Park Needs Assessment Demographics; sorted by Acres/1000 ascending; dropped the 10 smallest and 10 largest valid positive non-aggregate study areas
4,City of Glendale - Southside,0.277685,50373.0,15.0,2876.78142825,Very High,90.36559573,L.A. County Park Needs Assessment Demographics; sorted by Acres/1000 ascending; dropped the 10 smallest and 10 largest valid positive non-aggregate study areas
5,City of Maywood,0.331637,43852.0,49.0,755.68966968,Very High,93.69169181,L.A. County Park Needs Assessment Demographics; sorted by Acres/1000 ascending; dropped the 10 smallest and 10 largest valid positive non-aggregate study areas
6,Unincorporated San Jose Hills,0.338277,64973.0,37.0,969.97968097,Moderate,48.56888084,L.A. County Park Needs Assessment Demographics; sorted by Acres/1000 ascending; dropped the 10 smallest and 10 largest valid positive non-aggregate study areas
7,City of LA West Adams,0.377223,49053.0,26.0,3758.70020818,Very High,45.59170026,L.A. County Park Needs Assessment Demographics; sorted by Acres/1000 ascending; dropped the 10 smallest and 10 largest valid positive non-aggregate study areas
8,City of Bell,0.378774,44854.0,47.0,1675.99900769,Very High,76.79814862,L.A. County Park Needs Assessment Demographics; sorted by Acres/1000 ascending; dropped the 10 smallest and 10 largest valid positive non-aggregate study areas
9,City of El Monte,0.385383,48678.0,40.0,6153.3618882,Very High,41.61208175,L.A. County Park Needs Assessment Demographics; sorted by Acres/1000 ascending; dropped the 10 smallest and 10 largest valid positive non-aggregate study areas
10,Unincorporated West Carson/ Unincorporated Harbor City,0.387889,77382.0,14.0,1643.27877005,High,24.29128848,L.A. County Park Needs Assessment Demographics; sorted by Acres/1000 ascending; dropped the 10 smallest and 10 largest valid positive non-aggregate study areas
11,City of LA Central City,0.394437,45987.0,16.0,2234.88863896,Very High,91.82899876,L.A. County Park Needs Assessment Demographics; sorted by Acres/1000 ascending; dropped the 10 smallest and 10 largest valid positive non-aggregate study areas
12,City of LA Harbor Gateway,0.440668,53499.0,25.0,3240.64590786,High,45.2714146,L.A. County Park Needs Assessment Demographics; sorted by Acres/1000 ascending; dropped the 10 smallest and 10 largest valid positive non-aggregate study areas
13,City of LA Canoga Park - Winnetka,0.459554,68851.0,23.0,5024.95514951,Very High,23.18259695,L.A. County Park Needs Assessment Demographics; sorted by Acres/1000 ascending; dropped the 10 smallest and 10 largest valid positive non-aggregate study areas
14,City of LA Mission Hills - Panorama City - North Hills,0.464389,56823.0,29.0,7563.98411177,Very High,50.98015008,L.A. County Park Needs Assessment Demographics; sorted by Acres/1000 ascending; dropped the 10 smallest and 10 largest valid positive non-aggregate study areas
15,City of San Gabriel,0.499664,63566.0,20.0,2645.18937853,Moderate,59.59172499,L.A. County Park Needs Assessment Demographics; sorted by Acres/1000 ascending; dropped the 10 smallest and 10 largest valid positive non-aggregate study areas
16,City of Temple City,0.5,78722.0,14.0,2576.56929167,High,23.43485859,L.A. County Park Needs Assessment Demographics; sorted by Acres/1000 ascending; dropped the 10 smallest and 10 largest valid positive non-aggregate study areas
17,City of Lomita,0.515436,75036.0,11.0,1227.49834337,Moderate,51.61136886,L.A. County Park Needs Assessment Demographics; sorted by Acres/1000 ascending; dropped the 10 smallest and 10 largest valid positive non-aggregate study areas
18,City of Bradbury / Unincorporated Bradbury,0.518366,130637.0,7.0,1273.04007191,Very Low,10.30246845,L.A. County Park Needs Assessment Demographics; sorted by Acres/1000 ascending; dropped the 10 smallest and 10 largest valid positive non-aggregate study areas
19,City of LA Palms - Mar Vista - Del Rey,0.522371,79269.0,10.0,5263.03361548,Very High,38.03056183,L.A. County Park Needs Assessment Demographics; sorted by Acres/1000 ascending; dropped the 10 smallest and 10 largest valid positive non-aggregate study areas
20,City of LA South Los Angeles,0.547817,40050.0,32.0,4481.84458753,Very High,58.66421372,L.A. County Park Needs Assessment Demographics; sorted by Acres/1000 ascending; dropped the 10 smallest and 10 largest valid positive non-aggregate study areas
21,City of LA Bel Air - Beverly Crest/ Unincorporated Hollywood Hills,0.569377,200001.0,3.0,9796.28346507,Very Low,18.97540141,L.A. County Park Needs Assessment Demographics; sorted by Acres/1000 ascending; dropped the 10 smallest and 10 largest valid positive non-aggregate study areas
22,City of LA Wilshire - West,0.57683,86904.0,6.0,5978.8675892,High,46.48328723,L.A. County Park Needs Assessment Demographics; sorted by Acres/1000 ascending; dropped the 10 smallest and 10 largest valid positive non-aggregate study areas
23,City of Compton,0.578266,52404.0,37.0,6464.16399417,High,58.39369995,L.A. County Park Needs Assessment Demographics; sorted by Acres/1000 ascending; dropped the 10 smallest and 10 largest valid positive non-aggregate study areas
24,Unincorporated Charter Oak Islands/ Unincorporated Covina/ Unincorporated Covina Islands,0.583436,78851.0,14.0,1232.4217443,High,16.45014532,L.A. County Park Needs Assessment Demographics; sorted by Acres/1000 ascending; dropped the 10 smallest and 10 largest valid positive non-aggregate study areas
25,City of West Hollywood,0.600933,76320.0,2.0,1213.32247166,Very High,72.05703641,L.A. County Park Needs Assessment Demographics; sorted by Acres/1000 ascending; dropped the 10 smallest and 10 largest valid positive non-aggregate study areas
26,City of LA Southeast Los Angeles - North,0.609038,34651.0,56.0,4312.46305155,Very High,83.61894153,L.A. County Park Needs Assessment Demographics; sorted by Acres/1000 ascending; dropped the 10 smallest and 10 largest valid positive non-aggregate study areas
27,Unincorporated East Rancho Dominguez,0.612241,51013.0,45.0,528.02718085,Very High,75.55536721,L.A. County Park Needs Assessment Demographics; sorted by Acres/1000 ascending; dropped the 10 smallest and 10 largest valid positive non-aggregate study areas
28,City of LA Boyle Heights,0.625703,39678.0,48.0,3827.13894755,Very High,75.21765694,L.A. County Park Needs Assessment Demographics; sorted by Acres/1000 ascending; dropped the 10 smallest and 10 largest valid positive non-aggregate study areas
29,City of Hawthorne,0.627895,53692.0,21.0,3888.56500436,Very High,65.93891655,L.A. County Park Needs Assessment Demographics; sorted by Acres/1000 ascending; dropped the 10 smallest and 10 largest valid positive non-aggregate study areas
30,Unincorporated Del Aire,0.653998,90974.0,13.0,652.18406811,High,59.14052854,L.A. County Park Needs Assessment Demographics; sorted by Acres/1000 ascending; dropped the 10 smallest and 10 largest valid positive non-aggregate study areas
31,City of LA Westwood / Unincorporated Sawtelle VA Center,0.663576,82748.0,3.0,2935.45226656,Very High,26.02263553,L.A. County Park Needs Assessment Demographics; sorted by Acres/1000 ascending; dropped the 10 smallest and 10 largest valid positive non-aggregate study areas
32,City of LA Westlake,0.668962,33363.0,40.0,1943.36493139,Very High,81.37861138,L.A. County Park Needs Assessment Demographics; sorted by Acres/1000 ascending; dropped the 10 smallest and 10 largest valid positive non-aggregate study areas
33,City of Bellflower,0.68,58182.0,22.0,3943.37582696,Very High,45.8893231,L.A. County Park Needs Assessment Demographics; sorted by Acres/1000 ascending; dropped the 10 smallest and 10 largest valid positive non-aggregate study areas
34,City of Huntington Park,0.687603,41914.0,53.0,1928.88423676,Very High,68.00963401,L.A. County Park Needs Assessment Demographics; sorted by Acres/1000 ascending; dropped the 10 smallest and 10 largest valid positive non-aggregate study areas
35,City of South El Monte/ Unincorporated El Monte/ Unincorporated Whittier Narrows,0.703984,52588.0,43.0,1903.49242827,Low,35.64852029,L.A. County Park Needs Assessment Demographics; sorted by Acres/1000 ascending; dropped the 10 smallest and 10 largest valid positive non-aggregate study areas
36,Unincorporated Quartz Hill / Unincorporated Lancaster / Unincorporated Palmdale,0.741362,80849.0,12.0,9224.84007366,Moderate,5.36599528,L.A. County Park Needs Assessment Demographics; sorted by Acres/1000 ascending; dropped the 10 smallest and 10 largest valid positive non-aggregate study areas
37,Unincorporated Bassett-West Puente Valley,0.743906,71739.0,31.0,1295.96828568,Very High,40.18350656,L.A. County Park Needs Assessment Demographics; sorted by Acres/1000 ascending; dropped the 10 smallest and 10 largest valid positive non-aggregate study areas
38,City of Inglewood,0.784492,52078.0,24.0,5823.01952529,Very High,42.02910377,L.A. County Park Needs Assessment Demographics; sorted by Acres/1000 ascending; dropped the 10 smallest and 10 largest valid positive non-aggregate study areas
39,City of Lawndale,0.786099,60951.0,26.0,1261.05458818,Very High,95.66099966,L.A. County Park Needs Assessment Demographics; sorted by Acres/1000 ascending; dropped the 10 smallest and 10 largest valid positive non-aggregate study areas
40,Unincorporated Acton/ Unincorporated South Antelope Valley,0.794438,102188.0,10.0,115230.58500509,Very Low,0.76217291,L.A. County Park Needs Assessment Demographics; sorted by Acres/1000 ascending; dropped the 10 smallest and 10 largest valid positive non-aggregate study areas
41,City of LA Sherman Oaks - Studio City - Toluca Lake - Cahuenga Pass / Unic Universal City,0.807402,105770.0,3.0,9084.35220552,Low,36.37737795,L.A. County Park Needs Assessment Demographics; sorted by Acres/1000 ascending; dropped the 10 smallest and 10 largest valid positive non-aggregate study areas
42,Unincorporated San Pasqual/ Unincorporated East Pasadena,0.816523,106393.0,9.0,1012.61007177,Very Low,28.48625225,L.A. County Park Needs Assessment Demographics; sorted by Acres/1000 ascending; dropped the 10 smallest and 10 largest valid positive non-aggregate study areas
43,City of Cudahy,0.819525,43724.0,48.0,786.59769556,Very High,81.66853587,L.A. County Park Needs Assessment Demographics; sorted by Acres/1000 ascending; dropped the 10 smallest and 10 largest valid positive non-aggregate study areas
44,City of Gardena,0.824004,58567.0,16.0,3749.45844212,High,61.17520415,L.A. County Park Needs Assessment Demographics; sorted by Acres/1000 ascending; dropped the 10 smallest and 10 largest valid positive non-aggregate study areas
45,City of LA Westchester - Playa del Rey / City of LA Los Angeles International Airport,0.843841,108518.0,2.0,9102.53556585,High,15.60190057,L.A. County Park Needs Assessment Demographics; sorted by Acres/1000 ascending; dropped the 10 smallest and 10 largest valid positive non-aggregate study areas
46,City of LA Venice,0.874883,109977.0,5.0,2006.30703855,Very High,75.91530249,L.A. County Park Needs Assessment Demographics; sorted by Acres/1000 ascending; dropped the 10 smallest and 10 largest valid positive non-aggregate study areas
47,Unincorporated Altadena,0.893305,103961.0,10.0,5650.14573419,Low,32.13252719,L.A. County Park Needs Assessment Demographics; sorted by Acres/1000 ascending; dropped the 10 smallest and 10 largest valid positive non-aggregate study areas
48,City of Monrovia,0.9,82849.0,10.0,8800.75112614,Low,57.88223164,L.A. County Park Needs Assessment Demographics; sorted by Acres/1000 ascending; dropped the 10 smallest and 10 largest valid positive non-aggregate study areas
49,City of LA Valley Glen - North Sherman Oaks,0.90933,61211.0,18.0,4240.54062947,High,31.52602501,L.A. County Park Needs Assessment Demographics; sorted by Acres/1000 ascending; dropped the 10 smallest and 10 largest valid positive non-aggregate study areas
50,City of Long Beach North,0.914829,55281.0,26.0,4648.33999972,High,63.59489446,L.A. County Park Needs Assessment Demographics; sorted by Acres/1000 ascending; dropped the 10 smallest and 10 largest valid positive non-aggregate study areas
51,City of Alhambra,0.917058,64542.0,17.0,4883.73564796,High,43.89991611,L.A. County Park Needs Assessment Demographics; sorted by Acres/1000 ascending; dropped the 10 smallest and 10 largest valid positive non-aggregate study areas
52,City of LA West Los Angeles,0.982705,100358.0,5.0,4573.89853748,High,36.57506296,L.A. County Park Needs Assessment Demographics; sorted by Acres/1000 ascending; dropped the 10 smallest and 10 largest valid positive non-aggregate study areas
53,City of Rosemead,0.993771,54282.0,32.0,3310.64067605,Moderate,46.16214059,L.A. County Park Needs Assessment Demographics; sorted by Acres/1000 ascending; dropped the 10 smallest and 10 largest valid positive non-aggregate study areas
54,City of Artesia,1.002206,65469.0,19.0,1038.7255183,High,46.24520405,L.A. County Park Needs Assessment Demographics; sorted by Acres/1000 ascending; dropped the 10 smallest and 10 largest valid positive non-aggregate study areas
55,City of Covina,1.009688,76847.0,13.0,4501.57113124,Moderate,40.34033675,L.A. County Park Needs Assessment Demographics; sorted by Acres/1000 ascending; dropped the 10 smallest and 10 largest valid positive non-aggregate study areas
56,Unincorporated East Los Angeles - Northwest,1.011493,46516.0,48.0,2848.72327812,Very High,44.64647469,L.A. County Park Needs Assessment Demographics; sorted by Acres/1000 ascending; dropped the 10 smallest and 10 largest valid positive non-aggregate study areas
57,City of Avalon / Unincorporated Channel Islands North,1.014801,64294.0,9.0,47833.89271235,Very Low,59.27867701,L.A. County Park Needs Assessment Demographics; sorted by Acres/1000 ascending; dropped the 10 smallest and 10 largest valid positive non-aggregate study areas
58,City of Norwalk,1.060293,69168.0,24.0,6246.93373149,High,47.23919298,L.A. County Park Needs Assessment Demographics; sorted by Acres/1000 ascending; dropped the 10 smallest and 10 largest valid positive non-aggregate study areas
59,City of Burbank,1.078017,80693.0,8.0,11082.26949921,Low,64.28076728,L.A. County Park Needs Assessment Demographics; sorted by Acres/1000 ascending; dropped the 10 smallest and 10 largest valid positive non-aggregate study areas
60,City of LA Southeast Los Angeles,1.096769,36308.0,45.0,5568.01105821,Very High,56.92235236,L.A. County Park Needs Assessment Demographics; sorted by Acres/1000 ascending; dropped the 10 smallest and 10 largest valid positive non-aggregate study areas
61,City of Downey,1.105872,74280.0,20.0,8045.44870816,High,38.72123031,L.A. County Park Needs Assessment Demographics; sorted by Acres/1000 ascending; dropped the 10 smallest and 10 largest valid positive non-aggregate study areas
62,City of LA North Hollywood - Valley Village,1.123886,57290.0,16.0,6791.46884905,Very High,39.17328067,L.A. County Park Needs Assessment Demographics; sorted by Acres/1000 ascending; dropped the 10 smallest and 10 largest valid positive non-aggregate study areas
63,City of LA Sun Valley - La Tuna Canyon,1.199641,60161.0,30.0,10504.56866782,High,29.38255906,L.A. County Park Needs Assessment Demographics; sorted by Acres/1000 ascending; dropped the 10 smallest and 10 largest valid positive non-aggregate study areas
64,Unincorporated Florence-Firestone,1.220454,40139.0,54.0,2277.53599969,Very High,59.28789351,L.A. County Park Needs Assessment Demographics; sorted by Acres/1000 ascending; dropped the 10 smallest and 10 largest valid positive non-aggregate study areas
65,City of Pico Rivera,1.289736,68392.0,27.0,5595.75616635,Low,43.80999151,L.A. County Park Needs Assessment Demographics; sorted by Acres/1000 ascending; dropped the 10 smallest and 10 largest valid positive non-aggregate study areas
66,City of Arcadia,1.297628,101862.0,7.0,7108.04212812,Low,69.63672744,L.A. County Park Needs Assessment Demographics; sorted by Acres/1000 ascending; dropped the 10 smallest and 10 largest valid positive non-aggregate study areas
67,City of Bell Gardens,1.309718,42905.0,51.0,1577.40582627,Very High,81.61911038,L.A. County Park Needs Assessment Demographics; sorted by Acres/1000 ascending; dropped the 10 smallest and 10 largest valid positive non-aggregate study areas
68,City of Montebello,1.319649,56505.0,26.0,5355.87435905,Moderate,60.47002916,L.A. County Park Needs Assessment Demographics; sorted by Acres/1000 ascending; dropped the 10 smallest and 10 largest valid positive non-aggregate study areas
69,City of Redondo Beach,1.368521,120818.0,3.0,3970.93356594,Moderate,87.33694342,L.A. County Park Needs Assessment Demographics; sorted by Acres/1000 ascending; dropped the 10 smallest and 10 largest valid positive non-aggregate study areas
70,City of San Fernando,1.376143,59864.0,35.0,1518.21369046,High,80.410182,L.A. County Park Needs Assessment Demographics; sorted by Acres/1000 ascending; dropped the 10 smallest and 10 largest valid positive non-aggregate study areas
71,Unincorporated Pellissier Village-Avocado Heights-North Whittier,1.379259,84952.0,27.0,1829.64963069,Very Low,45.18643096,L.A. County Park Needs Assessment Demographics; sorted by Acres/1000 ascending; dropped the 10 smallest and 10 largest valid positive non-aggregate study areas
72,City of West Covina,1.413627,82692.0,14.0,10279.64204897,Moderate,43.93267094,L.A. County Park Needs Assessment Demographics; sorted by Acres/1000 ascending; dropped the 10 smallest and 10 largest valid positive non-aggregate study areas
73,City of Pomona - Southside,1.418835,59019.0,31.0,7101.52904114,Moderate,53.3026476,L.A. County Park Needs Assessment Demographics; sorted by Acres/1000 ascending; dropped the 10 smallest and 10 largest valid positive non-aggregate study areas
74,City of Pasadena - Eastside / Unincorporated Kinneloa Mesa,1.431107,86473.0,11.0,6376.84658925,Moderate,51.11760123,L.A. County Park Needs Assessment Demographics; sorted by Acres/1000 ascending; dropped the 10 smallest and 10 largest valid positive non-aggregate study areas
75,City of LA Northridge,1.439836,80860.0,10.0,6332.0760475,High,15.46286954,L.A. County Park Needs Assessment Demographics; sorted by Acres/1000 ascending; dropped the 10 smallest and 10 largest valid positive non-aggregate study areas
76,City of Santa Monica,1.447654,97276.0,5.0,5350.4469346,Moderate,72.35645694,L.A. County Park Needs Assessment Demographics; sorted by Acres/1000 ascending; dropped the 10 smallest and 10 largest valid positive non-aggregate study areas
77,City of Carson,1.528341,84979.0,18.0,12121.77648235,High,51.06317698,L.A. County Park Needs Assessment Demographics; sorted by Acres/1000 ascending; dropped the 10 smallest and 10 largest valid positive non-aggregate study areas
78,Unincorporated West Rancho Dominguez,1.533241,54042.0,24.0,1052.17073766,Very Low,54.25218773,L.A. County Park Needs Assessment Demographics; sorted by Acres/1000 ascending; dropped the 10 smallest and 10 largest valid positive non-aggregate study areas
79,City of South Gate,1.534991,53101.0,42.0,4704.95126885,Very High,44.70948294,L.A. County Park Needs Assessment Demographics; sorted by Acres/1000 ascending; dropped the 10 smallest and 10 largest valid positive non-aggregate study areas
80,City of LA Central City North,1.554053,50355.0,29.0,2022.34995721,High,49.44870496,L.A. County Park Needs Assessment Demographics; sorted by Acres/1000 ascending; dropped the 10 smallest and 10 largest valid positive non-aggregate study areas
81,Unincorporated South Whittier/ Unincorporated East La Mirada,1.570393,76245.0,19.0,4119.62898845,Moderate,44.60243461,L.A. County Park Needs Assessment Demographics; sorted by Acres/1000 ascending; dropped the 10 smallest and 10 largest valid positive non-aggregate study areas
82,City of Long Beach West,1.626048,57594.0,27.0,4330.31035617,Very High,61.19611138,L.A. County Park Needs Assessment Demographics; sorted by Acres/1000 ascending; dropped the 10 smallest and 10 largest valid positive non-aggregate study areas
83,City of Lynwood/ Unincorporated Lynwood,1.643601,52069.0,42.0,3183.55944543,High,62.83471789,L.A. County Park Needs Assessment Demographics; sorted by Acres/1000 ascending; dropped the 10 smallest and 10 largest valid positive non-aggregate study areas
84,City of Long Beach Central,1.67029,79877.0,9.0,4416.03107062,Low,66.86859948,L.A. County Park Needs Assessment Demographics; sorted by Acres/1000 ascending; dropped the 10 smallest and 10 largest valid positive non-aggregate study areas
85,Unincorporated Topanga Canyon / Topanga,1.740899,140572.0,1.0,15425.70921041,Very Low,46.01889375,L.A. County Park Needs Assessment Demographics; sorted by Acres/1000 ascending; dropped the 10 smallest and 10 largest valid positive non-aggregate study areas
86,City of Glendora / Unincorporated Glendora,1.750393,93881.0,9.0,12919.68539294,Low,43.0,L.A. County Park Needs Assessment Demographics; sorted by Acres/1000 ascending; dropped the 10 smallest and 10 largest valid positive non-aggregate study areas
87,City of Paramount,1.815072,53580.0,34.0,3090.53102899,Very High,60.19667964,L.A. County Park Needs Assessment Demographics; sorted by Acres/1000 ascending; dropped the 10 smallest and 10 largest valid positive non-aggregate study areas
88,City of Beverly Hills,1.9,117361.0,4.0,3655.72245269,Moderate,80.14961267,L.A. County Park Needs Assessment Demographics; sorted by Acres/1000 ascending; dropped the 10 smallest and 10 largest valid positive non-aggregate study areas
89,Unincorporated Littlerock,1.93886,59823.0,35.0,36278.79200539,Very Low,2.11754831,L.A. County Park Needs Assessment Demographics; sorted by Acres/1000 ascending; dropped the 10 smallest and 10 largest valid positive non-aggregate study areas
90,City of Lakewood / Unincorporated Lakewood,1.956177,92217.0,9.0,6071.97867421,Low,55.61752907,L.A. County Park Needs Assessment Demographics; sorted by Acres/1000 ascending; dropped the 10 smallest and 10 largest valid positive non-aggregate study areas
91,City of La Habra Heights,1.979308,139537.0,6.0,3943.03726735,Very Low,25.68792518,L.A. County Park Needs Assessment Demographics; sorted by Acres/1000 ascending; dropped the 10 smallest and 10 largest valid positive non-aggregate study areas
92,City of San Marino,1.987977,191916.0,2.0,2410.70087739,Very Low,41.06000951,L.A. County Park Needs Assessment Demographics; sorted by Acres/1000 ascending; dropped the 10 smallest and 10 largest valid positive non-aggregate study areas
93,City of Monterey Park,2.009912,66885.0,20.0,4951.89772263,Moderate,60.10509635,L.A. County Park Needs Assessment Demographics; sorted by Acres/1000 ascending; dropped the 10 smallest and 10 largest valid positive non-aggregate study areas
94,City of Hermosa Beach,2.048564,140221.0,2.0,937.6921085,Moderate,99.99988131,L.A. County Park Needs Assessment Demographics; sorted by Acres/1000 ascending; dropped the 10 smallest and 10 largest valid positive non-aggregate study areas
95,City of Glendale - Northside,2.2,87712.0,9.0,16730.86020352,Low,45.0,L.A. County Park Needs Assessment Demographics; sorted by Acres/1000 ascending; dropped the 10 smallest and 10 largest valid positive non-aggregate study areas
96,City of LA Granada Hills - Knollwood,2.240001,93583.0,10.0,10388.46593421,Moderate,13.47234788,L.A. County Park Needs Assessment Demographics; sorted by Acres/1000 ascending; dropped the 10 smallest and 10 largest valid positive non-aggregate study areas
97,City of Sierra Madre,2.256588,106742.0,1.0,1893.45061365,Very Low,84.70764914,L.A. County Park Needs Assessment Demographics; sorted by Acres/1000 ascending; dropped the 10 smallest and 10 largest valid positive non-aggregate study areas
98,Unincorporated Hawthorne/ Unincorporated  Alondra Park,2.277704,68460.0,22.0,808.28335103,Very High,62.27906267,L.A. County Park Needs Assessment Demographics; sorted by Acres/1000 ascending; dropped the 10 smallest and 10 largest valid positive non-aggregate study areas
99,City of Commerce,2.289099,52621.0,40.0,4194.72440593,Moderate,50.25508093,L.A. County Park Needs Assessment Demographics; sorted by Acres/1000 ascending; dropped the 10 smallest and 10 largest valid positive non-aggregate study areas
100,Unincorporated La Crescenta - Montrose,2.3,106521.0,6.0,2207.87611557,Very Low,17.84225929,L.A. County Park Needs Assessment Demographics; sorted by Acres/1000 ascending; dropped the 10 smallest and 10 largest valid positive non-aggregate study areas
101,City of Long Beach South,2.3,57622.0,20.0,9858.83987774,High,89.3695509,L.A. County Park Needs Assessment Demographics; sorted by Acres/1000 ascending; dropped the 10 smallest and 10 largest valid positive non-aggregate study areas
102,City of Agoura Hills,2.325132,131125.0,3.0,4995.57045915,Very Low,44.20245931,L.A. County Park Needs Assessment Demographics; sorted by Acres/1000 ascending; dropped the 10 smallest and 10 largest valid positive non-aggregate study areas
103,City of Palmdale - Eastside / Unincorporated South Antelope Valley,2.4,53262.0,31.0,51233.13691641,Low,20.60291175,L.A. County Park Needs Assessment Demographics; sorted by Acres/1000 ascending; dropped the 10 smallest and 10 largest valid positive non-aggregate study areas
104,City of Torrance - South,2.404592,102565.0,4.0,7064.54802905,Low,76.95351694,L.A. County Park Needs Assessment Demographics; sorted by Acres/1000 ascending; dropped the 10 smallest and 10 largest valid positive non-aggregate study areas
105,Unincorporated Azusa,2.5,69235.0,27.0,1002.11691159,Moderate,61.40549063,L.A. County Park Needs Assessment Demographics; sorted by Acres/1000 ascending; dropped the 10 smallest and 10 largest valid positive non-aggregate study areas
106,City of Torrance - North,2.546888,86864.0,7.0,6085.51082222,High,64.34939898,L.A. County Park Needs Assessment Demographics; sorted by Acres/1000 ascending; dropped the 10 smallest and 10 largest valid positive non-aggregate study areas
107,City of LA West Hills - Woodland Hills  /  Unic Conoga Park - West Hills,2.570857,108909.0,5.0,13035.30207309,Moderate,31.73092183,L.A. County Park Needs Assessment Demographics; sorted by Acres/1000 ascending; dropped the 10 smallest and 10 largest valid positive non-aggregate study areas
108,City of Lancaster - Westside,2.626041,60798.0,14.0,42145.86642964,Moderate,13.58587039,L.A. County Park Needs Assessment Demographics; sorted by Acres/1000 ascending; dropped the 10 smallest and 10 largest valid positive non-aggregate study areas
109,City of Diamond Bar,2.7,105279.0,5.0,9383.96624058,Low,27.80540482,L.A. County Park Needs Assessment Demographics; sorted by Acres/1000 ascending; dropped the 10 smallest and 10 largest valid positive non-aggregate study areas
110,City of El Segundo,2.7,106363.0,3.0,3482.24832971,Low,97.31823231,L.A. County Park Needs Assessment Demographics; sorted by Acres/1000 ascending; dropped the 10 smallest and 10 largest valid positive non-aggregate study areas
111,City of La Verne / Unincorporated La Verne/ Unincorporated Claremont,2.7,93717.0,7.0,8289.95476,Very Low,58.02528834,L.A. County Park Needs Assessment Demographics; sorted by Acres/1000 ascending; dropped the 10 smallest and 10 largest valid positive non-aggregate study areas
112,City of La Puente,2.833238,65627.0,36.0,2223.18267202,High,23.67127441,L.A. County Park Needs Assessment Demographics; sorted by Acres/1000 ascending; dropped the 10 smallest and 10 largest valid positive non-aggregate study areas
113,City of LA Reseda - West Van Nuys,2.848411,66465.0,20.0,7777.61559457,High,27.73052784,L.A. County Park Needs Assessment Demographics; sorted by Acres/1000 ascending; dropped the 10 smallest and 10 largest valid positive non-aggregate study areas
114,City of Lancaster - Eastside,2.958572,48442.0,21.0,18344.07337232,Moderate,7.92552627,L.A. County Park Needs Assessment Demographics; sorted by Acres/1000 ascending; dropped the 10 smallest and 10 largest valid positive non-aggregate study areas
115,City of South Pasadena,3.1288,102323.0,3.0,2185.76252878,Low,54.77866798,L.A. County Park Needs Assessment Demographics; sorted by Acres/1000 ascending; dropped the 10 smallest and 10 largest valid positive non-aggregate study areas
116,City of Manhattan Beach,3.15495,170584.0,2.0,2523.71131951,Low,95.19070921,L.A. County Park Needs Assessment Demographics; sorted by Acres/1000 ascending; dropped the 10 smallest and 10 largest valid positive non-aggregate study areas
117,Unincorporated Compton,3.204554,65870.0,19.0,1728.53879713,Low,3.46211975,L.A. County Park Needs Assessment Demographics; sorted by Acres/1000 ascending; dropped the 10 smallest and 10 largest valid positive non-aggregate study areas
118,Unincorporated West Whittier - Los Nietos,3.3,75317.0,24.0,1756.78153512,Low,36.93131971,L.A. County Park Needs Assessment Demographics; sorted by Acres/1000 ascending; dropped the 10 smallest and 10 largest valid positive non-aggregate study areas
119,City of Claremont / Unincorporated Claremont,3.371267,107668.0,6.0,9343.03491568,Low,71.2942442,L.A. County Park Needs Assessment Demographics; sorted by Acres/1000 ascending; dropped the 10 smallest and 10 largest valid positive non-aggregate study areas
120,Unincorporated Marina del Rey,3.572707,115319.0,1.0,606.89058476,Moderate,44.65188437,L.A. County Park Needs Assessment Demographics; sorted by Acres/1000 ascending; dropped the 10 smallest and 10 largest valid positive non-aggregate study areas
121,Unincorporated Willowbrook,3.601261,48624.0,40.0,2567.1512004,High,66.08841594,L.A. County Park Needs Assessment Demographics; sorted by Acres/1000 ascending; dropped the 10 smallest and 10 largest valid positive non-aggregate study areas
122,City of LA Northeast Los Angeles - North,3.636028,68431.0,20.0,9611.01163863,Moderate,49.63644935,L.A. County Park Needs Assessment Demographics; sorted by Acres/1000 ascending; dropped the 10 smallest and 10 largest valid positive non-aggregate study areas
123,City of Whittier,3.8,81541.0,12.0,9385.52576919,Low,76.70814449,L.A. County Park Needs Assessment Demographics; sorted by Acres/1000 ascending; dropped the 10 smallest and 10 largest valid positive non-aggregate study areas
124,Santa Clarita - North,3.82494,110601.0,7.0,18090.2059111,Moderate,22.9917355,L.A. County Park Needs Assessment Demographics; sorted by Acres/1000 ascending; dropped the 10 smallest and 10 largest valid positive non-aggregate study areas
125,City of LA Chatsworth - Porter Ranch / Unin. Chatsworth / Unic. Northridge / Unic. Conoga Park / Unic Porter Ranch-Oat Mountain,3.94779,92580.0,10.0,26378.80052245,Low,41.94212593,L.A. County Park Needs Assessment Demographics; sorted by Acres/1000 ascending; dropped the 10 smallest and 10 largest valid positive non-aggregate study areas
126,City of La Mirada,4.1,96403.0,9.0,5017.76601914,Moderate,60.0,L.A. County Park Needs Assessment Demographics; sorted by Acres/1000 ascending; dropped the 10 smallest and 10 largest valid positive non-aggregate study areas
127,City of Westlake Village,4.2,149833.0,1.0,3523.47742481,Very Low,54.64523327,L.A. County Park Needs Assessment Demographics; sorted by Acres/1000 ascending; dropped the 10 smallest and 10 largest valid positive non-aggregate study areas
128,City of LA Sylmar,4.221127,74259.0,28.0,7888.76017572,Moderate,35.08985482,L.A. County Park Needs Assessment Demographics; sorted by Acres/1000 ascending; dropped the 10 smallest and 10 largest valid positive non-aggregate study areas
129,Unincorporated Valinda,4.232478,79570.0,28.0,1305.53106028,Moderate,17.23952416,L.A. County Park Needs Assessment Demographics; sorted by Acres/1000 ascending; dropped the 10 smallest and 10 largest valid positive non-aggregate study areas
130,City of Cerritos  /  Unincorporated Cerritos,4.4,107321.0,6.0,5685.59558558,Low,83.74385254,L.A. County Park Needs Assessment Demographics; sorted by Acres/1000 ascending; dropped the 10 smallest and 10 largest valid positive non-aggregate study areas
131,City of LA Arleta - Pacoima,4.540436,59845.0,41.0,6619.44212776,High,37.23389871,L.A. County Park Needs Assessment Demographics; sorted by Acres/1000 ascending; dropped the 10 smallest and 10 largest valid positive non-aggregate study areas
132,City of LA Wilmington - Harbor City / City of LA Port of Los Angeles,4.574369,55186.0,36.0,6855.24600071,Moderate,61.76412707,L.A. County Park Needs Assessment Demographics; sorted by Acres/1000 ascending; dropped the 10 smallest and 10 largest valid positive non-aggregate study areas
133,Santa Clarita - South,4.776954,93105.0,10.0,24128.18082145,Moderate,16.17664343,L.A. County Park Needs Assessment Demographics; sorted by Acres/1000 ascending; dropped the 10 smallest and 10 largest valid positive non-aggregate study areas
134,City of Palmdale - Westside,4.9,84213.0,15.0,33244.54946204,Low,19.41086375,L.A. County Park Needs Assessment Demographics; sorted by Acres/1000 ascending; dropped the 10 smallest and 10 largest valid positive non-aggregate study areas
135,City of LA Baldwin Hills - Leimert - Hyde Park,5.577321,44025.0,18.0,4452.56497057,High,50.24760212,L.A. County Park Needs Assessment Demographics; sorted by Acres/1000 ascending; dropped the 10 smallest and 10 largest valid positive non-aggregate study areas
136,City of Santa Fe Springs,5.759331,69331.0,20.0,5684.36650292,Low,67.46609385,L.A. County Park Needs Assessment Demographics; sorted by Acres/1000 ascending; dropped the 10 smallest and 10 largest valid positive non-aggregate study areas
137,City of Calabasas,5.8,138714.0,3.0,8292.98589416,Very Low,55.56269433,L.A. County Park Needs Assessment Demographics; sorted by Acres/1000 ascending; dropped the 10 smallest and 10 largest valid positive non-aggregate study areas
138,City of Rolling Hills Estates / Unincorporated Westfield,5.993033,175804.0,2.0,2743.35672785,Very Low,61.01732565,L.A. County Park Needs Assessment Demographics; sorted by Acres/1000 ascending; dropped the 10 smallest and 10 largest valid positive non-aggregate study areas
139,City of Pasadena - Westside,6.106014,90744.0,10.0,9454.47529778,Moderate,58.31159283,L.A. County Park Needs Assessment Demographics; sorted by Acres/1000 ascending; dropped the 10 smallest and 10 largest valid positive non-aggregate study areas
140,City of LA Brentwood - Pacific Palisades,6.523099,164440.0,2.0,24319.32346322,Moderate,29.70495518,L.A. County Park Needs Assessment Demographics; sorted by Acres/1000 ascending; dropped the 10 smallest and 10 largest valid positive non-aggregate study areas
141,City of LA Northeast Los Angeles - South,6.609527,51864.0,34.0,6066.58085389,Moderate,61.90893071,L.A. County Park Needs Assessment Demographics; sorted by Acres/1000 ascending; dropped the 10 smallest and 10 largest valid positive non-aggregate study areas
142,Unincorporated Malibu,6.806363,181293.0,3.0,31700.95380313,Low,19.07801413,L.A. County Park Needs Assessment Demographics; sorted by Acres/1000 ascending; dropped the 10 smallest and 10 largest valid positive non-aggregate study areas
143,Unincorporated Lake Los Angeles /  Unincorp Pearblossom /  Unincorp Liano /  Unincorp Valyermo,7.148299,50478.0,26.0,175160.95866969,Very Low,1.91314598,L.A. County Park Needs Assessment Demographics; sorted by Acres/1000 ascending; dropped the 10 smallest and 10 largest valid positive non-aggregate study areas
144,City of Walnut,7.553551,111989.0,7.0,5744.03478245,Very Low,76.0,L.A. County Park Needs Assessment Demographics; sorted by Acres/1000 ascending; dropped the 10 smallest and 10 largest valid positive non-aggregate study areas
145,City of Signal Hill,8.151555,81851.0,14.0,1407.8447828,Very Low,97.0520244,L.A. County Park Needs Assessment Demographics; sorted by Acres/1000 ascending; dropped the 10 smallest and 10 largest valid positive non-aggregate study areas
146,City of LA Sunland - Tujunga - Lake View Terrace - Shadow Hills,8.599252,76261.0,14.0,16428.80193837,Low,42.8268028,L.A. County Park Needs Assessment Demographics; sorted by Acres/1000 ascending; dropped the 10 smallest and 10 largest valid positive non-aggregate study areas
147,City of Long Beach East / Unincorporated Long Beach,8.601173,105432.0,5.0,9887.23079675,Low,43.16646932,L.A. County Park Needs Assessment Demographics; sorted by Acres/1000 ascending; dropped the 10 smallest and 10 largest valid positive non-aggregate study areas
148,City of LA San Pedro / City of LA Port of Los Angeles / Unincorporated La Rambla,8.744505,70935.0,17.0,8333.63129727,Moderate,88.96336754,L.A. County Park Needs Assessment Demographics; sorted by Acres/1000 ascending; dropped the 10 smallest and 10 largest valid positive non-aggregate study areas
149,City of LA Encino - Tarzana,8.805535,96514.0,6.0,12988.79854464,Moderate,10.459357,L.A. County Park Needs Assessment Demographics; sorted by Acres/1000 ascending; dropped the 10 smallest and 10 largest valid positive non-aggregate study areas
150,City of LA Silver Lake - Echo Park - Elysian Valley,8.837859,74284.0,16.0,4552.37148682,Moderate,55.52375453,L.A. County Park Needs Assessment Demographics; sorted by Acres/1000 ascending; dropped the 10 smallest and 10 largest valid positive non-aggregate study areas
151,City of Malibu,9.1,157275.0,2.0,12649.84723337,Very Low,24.79957614,L.A. County Park Needs Assessment Demographics; sorted by Acres/1000 ascending; dropped the 10 smallest and 10 largest valid positive non-aggregate study areas
152,Unincorporated Stevenson/Newhall Ranch/ Unincorporated Castaic - Val Verde,9.858612,139134.0,4.0,31300.07267155,Very Low,30.72774635,L.A. County Park Needs Assessment Demographics; sorted by Acres/1000 ascending; dropped the 10 smallest and 10 largest valid positive non-aggregate study areas
153,Unincorporated Northeast Antelope Valley,11.826182,42221.0,22.0,207680.22340161,Very Low,2.0255283,L.A. County Park Needs Assessment Demographics; sorted by Acres/1000 ascending; dropped the 10 smallest and 10 largest valid positive non-aggregate study areas
154,Unincorporated La Habra Heights/ Unincorporated Rowland Heights,12.2,76410.0,13.0,12371.08196895,Moderate,26.53394331,L.A. County Park Needs Assessment Demographics; sorted by Acres/1000 ascending; dropped the 10 smallest and 10 largest valid positive non-aggregate study areas
155,Unincorporated Avacado Heights/ Unincorporated Hacienda Heights/ Unincorporated Whittier,12.4,91884.0,12.0,10971.17312518,Low,35.81321439,L.A. County Park Needs Assessment Demographics; sorted by Acres/1000 ascending; dropped the 10 smallest and 10 largest valid positive non-aggregate study areas
156,City of Culver City,12.453881,101186.0,7.0,3286.183748,Moderate,70.99941002,L.A. County Park Needs Assessment Demographics; sorted by Acres/1000 ascending; dropped the 10 smallest and 10 largest valid positive non-aggregate study areas
157,City of Pomona - Northside,16.445581,59624.0,27.0,7594.95318138,Moderate,54.50581709,L.A. County Park Needs Assessment Demographics; sorted by Acres/1000 ascending; dropped the 10 smallest and 10 largest valid positive non-aggregate study areas
158,City of Rancho Palos Verdes,20.0,145190.0,2.0,8661.12289493,Very Low,52.02536483,L.A. County Park Needs Assessment Demographics; sorted by Acres/1000 ascending; dropped the 10 smallest and 10 largest valid positive non-aggregate study areas
159,Unincorporated Ladera Heights / View Park - Windsor Hills,25.265275,104393.0,3.0,3077.80427624,Very Low,33.51803772,L.A. County Park Needs Assessment Demographics; sorted by Acres/1000 ascending; dropped the 10 smallest and 10 largest valid positive non-aggregate study areas
160,City of Palos Verdes Estates,32.229568,200001.0,1.0,3054.18723205,Very Low,45.15836207,L.A. County Park Needs Assessment Demographics; sorted by Acres/1000 ascending; dropped the 10 smallest and 10 largest valid positive non-aggregate study areas
161,City of Azusa,42.5,67706.0,20.0,6183.19869274,Moderate,72.0,L.A. County Park Needs Assessment Demographics; sorted by Acres/1000 ascending; dropped the 10 smallest and 10 largest valid positive non-aggregate study areas
